Freq (MHz),re(S11),im(S11),re(Z),im(Z)
200.000,-0.98045,0.19105,0.028,4.826
205.806,-0.97893,0.19603,0.041,4.957
211.612,-0.97712,0.20124,0.060,5.095
217.417,-0.97603,0.20801,0.052,5.269
223.223,-0.97500,0.21217,0.055,5.377
229.029,-0.97313,0.21725,0.074,5.513
234.835,-0.97227,0.22282,0.064,5.656
240.641,-0.97062,0.22919,0.068,5.823
246.446,-0.97013,0.23305,0.058,5.921
252.252,-0.96896,0.23867,0.053,6.067
258.058,-0.96764,0.24374,0.054,6.200
263.864,-0.96466,0.25025,0.087,6.380
269.670,-0.96337,0.25526,0.086,6.512
275.475,-0.96368,0.25889,0.055,6.599
281.281,-0.96208,0.26483,0.054,6.756
287.087,-0.96033,0.27016,0.061,6.899
292.893,-0.95931,0.27634,0.043,7.058
298.699,-0.95866,0.28049,0.029,7.164
304.505,-0.95663,0.28626,0.037,7.320
310.310,-0.95395,0.29189,0.061,7.478
316.116,-0.95190,0.29901,0.058,7.668
321.922,-0.94901,0.30379,0.091,7.808
327.728,-0.94948,0.30852,0.042,7.919
333.534,-0.94673,0.31324,0.072,8.057
339.339,-0.94654,0.31900,0.030,8.199
345.145,-0.94320,0.32475,0.063,8.367
350.951,-0.94032,0.32964,0.092,8.510
356.757,-0.94025,0.33569,0.042,8.658
362.563,-0.93748,0.34084,0.064,8.807
368.368,-0.93662,0.34613,0.038,8.943
374.174,-0.93461,0.35092,0.043,9.077
379.980,-0.93120,0.35612,0.078,9.235
385.786,-0.92871,0.36255,0.079,9.414
391.592,-0.92795,0.36785,0.047,9.549
397.397,-0.92618,0.37342,0.036,9.700
403.203,-0.92337,0.37843,0.054,9.848
409.009,-0.92256,0.38272,0.031,9.960
414.815,-0.91926,0.38769,0.061,10.112
420.621,-0.91598,0.39229,0.093,10.256
426.426,-0.91534,0.39849,0.044,10.412
432.232,-0.91294,0.40413,0.042,10.572
438.038,-0.91132,0.40802,0.039,10.682
443.844,-0.90964,0.41324,0.023,10.825
449.650,-0.90624,0.41815,0.051,10.979
455.455,-0.90389,0.42240,0.060,11.106
461.261,-0.90148,0.42671,0.069,11.236
467.067,-0.90074,0.43073,0.041,11.340
472.873,-0.89572,0.43627,0.097,11.529
478.679,-0.89390,0.44080,0.088,11.658
484.484,-0.89176,0.44591,0.078,11.804
490.290,-0.88911,0.45056,0.086,11.946
496.096,-0.88738,0.45490,0.075,12.069
501.902,-0.88640,0.45753,0.066,12.143
507.708,-0.88524,0.46358,0.019,12.300
513.514,-0.88088,0.46795,0.068,12.456
519.319,-0.87803,0.47368,0.063,12.627
525.125,-0.87595,0.47594,0.083,12.706
530.931,-0.87134,0.48099,0.126,12.884
536.737,-0.87120,0.48427,0.087,12.963
542.543,-0.86705,0.49125,0.093,13.180
548.348,-0.86659,0.49444,0.061,13.261
554.154,-0.86529,0.49754,0.050,13.350
559.960,-0.86019,0.50134,0.118,13.507
565.766,-0.85640,0.50868,0.106,13.730
571.572,-0.85331,0.51291,0.119,13.871
577.377,-0.85220,0.51636,0.096,13.966
583.183,-0.84847,0.52155,0.109,14.139
588.989,-0.84648,0.52587,0.094,14.267
594.795,-0.84382,0.52974,0.100,14.394
600.601,-0.84237,0.53206,0.100,14.468
606.406,-0.83641,0.53994,0.121,14.737
612.212,-0.83228,0.54305,0.170,14.869
618.018,-0.83148,0.54745,0.122,14.982
623.824,-0.82773,0.55290,0.126,15.163
629.630,-0.82410,0.55687,0.148,15.309
635.435,-0.81822,0.56011,0.232,15.474
641.241,-0.81690,0.56499,0.186,15.606
647.047,-0.81615,0.57148,0.101,15.765
652.853,-0.81125,0.57532,0.151,15.930
658.659,-0.80895,0.57933,0.138,16.057
664.464,-0.80691,0.58361,0.115,16.186
670.270,-0.80368,0.58663,0.138,16.307
676.076,-0.79835,0.59275,0.157,16.532
681.882,-0.79599,0.59716,0.137,16.670
687.688,-0.79228,0.60188,0.140,16.838
693.493,-0.78957,0.60350,0.173,16.920
699.299,-0.78578,0.60856,0.172,17.097
705.105,-0.78400,0.61408,0.116,17.251
710.911,-0.78060,0.61612,0.156,17.355
716.717,-0.77807,0.61907,0.160,17.464
722.523,-0.77455,0.62433,0.145,17.642
728.328,-0.77028,0.62780,0.178,17.795
734.134,-0.76765,0.63085,0.181,17.909
739.940,-0.76357,0.63784,0.144,18.136
745.746,-0.76215,0.63992,0.137,18.207
751.552,-0.76006,0.64685,0.055,18.396
757.357,-0.75956,0.64793,0.046,18.429
763.163,-0.75478,0.65120,0.089,18.588
768.969,-0.75303,0.65770,0.005,18.761
774.775,-0.74671,0.65724,0.150,18.870
780.581,-0.74496,0.65971,0.141,18.957
786.386,-0.74110,0.66308,0.160,19.103
792.192,-0.73709,0.66776,0.156,19.281
797.998,-0.73449,0.66995,0.169,19.378
803.804,-0.73014,0.67240,0.214,19.515
809.610,-0.72791,0.67964,0.119,19.714
815.415,-0.72653,0.68253,0.091,19.802
821.221,-0.72504,0.68477,0.078,19.879
827.027,-0.72068,0.68883,0.089,20.052
832.833,-0.71565,0.69277,0.116,20.237
838.639,-0.71502,0.69465,0.091,20.289
844.444,-0.71079,0.69764,0.118,20.437
850.250,-0.70697,0.70000,0.150,20.566
856.056,-0.70354,0.70112,0.198,20.660
861.862,-0.70068,0.70550,0.167,20.811
867.668,-0.69642,0.70743,0.215,20.940
873.473,-0.69233,0.71111,0.223,21.103
879.279,-0.68866,0.71294,0.260,21.219
885.085,-0.68359,0.71868,0.242,21.447
890.891,-0.68064,0.72020,0.270,21.542
896.697,-0.67868,0.72367,0.235,21.656
902.503,-0.67321,0.72564,0.304,21.816
908.308,-0.67032,0.73165,0.231,22.002
914.114,-0.66653,0.73536,0.226,22.162
919.920,-0.66345,0.73767,0.237,22.278
925.726,-0.65874,0.74448,0.179,22.521
931.532,-0.65597,0.74616,0.196,22.618
937.337,-0.65107,0.74874,0.236,22.781
943.143,-0.64720,0.75171,0.245,22.930
948.949,-0.64226,0.75315,0.311,23.073
954.755,-0.63738,0.75533,0.357,23.230
960.561,-0.63531,0.75787,0.339,23.329
966.366,-0.62957,0.75975,0.409,23.502
972.172,-0.62399,0.76424,0.413,23.724
977.978,-0.61989,0.76755,0.414,23.888
983.784,-0.61751,0.77229,0.346,24.038
989.590,-0.61456,0.77392,0.364,24.142
995.395,-0.61218,0.77889,0.290,24.296
1001.201,-0.60883,0.78226,0.272,24.444
1007.007,-0.60423,0.78873,0.200,24.681
1012.813,-0.60082,0.78889,0.262,24.769
1018.619,-0.59910,0.79014,0.263,24.836
1024.424,-0.59699,0.79182,0.262,24.921
1030.230,-0.58872,0.79403,0.363,25.171
1036.036,-0.58434,0.79643,0.385,25.328
1041.842,-0.58193,0.79874,0.372,25.434
1047.648,-0.57797,0.79972,0.422,25.554
1053.453,-0.57547,0.80429,0.351,25.705
1059.259,-0.57073,0.80619,0.390,25.863
1065.065,-0.56803,0.81010,0.338,26.006
1070.871,-0.56310,0.81298,0.354,26.190
1076.677,-0.56058,0.81768,0.276,26.343
1082.482,-0.55734,0.81981,0.279,26.468
1088.288,-0.55292,0.82306,0.273,26.645
1094.094,-0.55171,0.82631,0.208,26.736
1099.900,-0.54693,0.82912,0.218,26.916
1105.706,-0.54402,0.82938,0.263,26.999
1111.512,-0.53940,0.83296,0.248,27.189
1117.317,-0.53489,0.83234,0.346,27.302
1123.123,-0.53255,0.83376,0.349,27.391
1128.929,-0.52714,0.83748,0.342,27.607
1134.735,-0.52541,0.83620,0.408,27.633
1140.541,-0.52296,0.83695,0.431,27.715
1146.346,-0.51664,0.84315,0.369,28.001
1152.152,-0.51953,0.83808,0.460,27.831
1157.958,-0.51044,0.84457,0.437,28.202
1163.764,-0.50682,0.85027,0.337,28.404
1169.570,-0.50083,0.85269,0.371,28.618
1175.375,-0.49630,0.85485,0.386,28.786
1181.181,-0.49405,0.85728,0.354,28.893
1186.987,-0.48948,0.85915,0.376,29.058
1192.793,-0.48948,0.86276,0.271,29.119
1198.599,-0.48174,0.86223,0.416,29.338
1204.404,-0.47972,0.86310,0.425,29.412
1210.210,-0.47468,0.86541,0.440,29.601
1216.016,-0.47101,0.86647,0.470,29.728
1221.822,-0.46609,0.86643,0.553,29.876
1227.628,-0.46379,0.86930,0.504,29.993
1233.433,-0.45885,0.87227,0.495,30.192
1239.239,-0.45470,0.87380,0.516,30.344
1245.045,-0.45039,0.87585,0.523,30.509
1250.851,-0.44926,0.87765,0.486,30.574
1256.657,-0.44426,0.88065,0.474,30.777
1262.462,-0.43962,0.88322,0.467,30.962
1268.268,-0.43715,0.88537,0.439,31.074
1274.074,-0.43398,0.88767,0.417,31.209
1279.880,-0.42866,0.88958,0.439,31.407
1285.686,-0.42329,0.89366,0.393,31.641
1291.491,-0.42110,0.89363,0.427,31.710
1297.297,-0.41446,0.89709,0.418,31.976
1303.103,-0.41147,0.89651,0.482,32.064
1308.909,-0.40786,0.89426,0.610,32.147
1314.715,-0.40281,0.89819,0.559,32.372
1320.521,-0.39882,0.89994,0.561,32.529
1326.326,-0.39428,0.89872,0.670,32.660
1332.132,-0.39083,0.90091,0.648,32.807
1337.938,-0.38625,0.90357,0.628,32.999
1343.744,-0.38383,0.90385,0.654,33.085
1349.550,-0.37801,0.90792,0.602,33.340
1355.355,-0.37442,0.90905,0.616,33.477
1361.161,-0.37178,0.91031,0.611,33.585
1366.967,-0.36809,0.91295,0.573,33.749
1372.773,-0.36339,0.91370,0.614,33.920
1378.579,-0.36017,0.91412,0.645,34.037
1384.384,-0.35503,0.91576,0.661,34.237
1390.190,-0.34889,0.91642,0.723,34.460
1395.996,-0.34626,0.91870,0.679,34.584
1401.802,-0.34152,0.91996,0.700,34.768
1407.608,-0.33831,0.92091,0.710,34.894
1413.413,-0.33502,0.92358,0.659,35.047
1419.219,-0.33144,0.92542,0.642,35.199
1425.025,-0.32616,0.92686,0.660,35.406
1430.831,-0.32259,0.93069,0.569,35.585
1436.637,-0.31983,0.93097,0.594,35.688
1442.442,-0.31690,0.93355,0.538,35.827
1448.248,-0.31227,0.93258,0.632,35.982
1454.054,-0.30806,0.93429,0.623,36.158
1459.860,-0.30429,0.93623,0.599,36.320
1465.666,-0.30068,0.93714,0.610,36.465
1471.471,-0.29649,0.93954,0.572,36.649
1477.277,-0.29361,0.94062,0.567,36.769
1483.083,-0.29071,0.94027,0.615,36.873
1488.889,-0.28695,0.94403,0.519,37.058
1494.695,-0.28215,0.94411,0.573,37.239
1500.501,-0.27826,0.94641,0.531,37.413
1506.306,-0.27211,0.94700,0.580,37.653
1512.112,-0.26898,0.94554,0.671,37.756
1517.918,-0.26616,0.94539,0.709,37.862
1523.724,-0.26110,0.94780,0.673,38.084
1529.530,-0.25523,0.94732,0.757,38.306
1535.335,-0.25044,0.95026,0.695,38.525
1541.141,-0.24813,0.94831,0.796,38.594
1546.947,-0.24340,0.94938,0.806,38.792
1552.753,-0.23953,0.94660,0.957,38.915
1558.559,-0.23432,0.94942,0.901,39.152
1564.364,-0.23054,0.94956,0.935,39.305
1570.170,-0.22793,0.95137,0.890,39.428
1575.976,-0.22128,0.95148,0.954,39.697
1581.782,-0.22044,0.95215,0.935,39.738
1587.588,-0.21430,0.95096,1.045,39.976
1593.393,-0.20932,0.95330,1.000,40.203
1599.199,-0.20554,0.95234,1.076,40.348
1605.005,-0.19976,0.95388,1.069,40.603
1610.811,-0.19730,0.95508,1.042,40.716
1616.617,-0.19270,0.95534,1.075,40.910
1622.422,-0.18578,0.95449,1.174,41.193
1628.228,-0.18402,0.95772,1.055,41.297
1634.034,-0.17909,0.95690,1.133,41.498
1639.840,-0.17604,0.95470,1.254,41.608
1645.646,-0.16987,0.95697,1.212,41.892
1651.451,-0.16686,0.96058,1.082,42.052
1657.257,-0.16079,0.95917,1.194,42.302
1663.063,-0.15491,0.96058,1.181,42.569
1668.869,-0.15250,0.96098,1.183,42.677
1674.675,-0.14716,0.96407,1.089,42.935
1680.480,-0.14501,0.96582,1.028,43.043
1686.286,-0.13756,0.96555,1.096,43.369
1692.092,-0.13422,0.96628,1.087,43.523
1697.898,-0.13075,0.96334,1.244,43.657
1703.704,-0.12555,0.96839,1.054,43.925
1709.510,-0.12156,0.96782,1.106,44.100
1715.315,-0.11780,0.97089,0.992,44.290
1721.121,-0.11626,0.97090,1.001,44.360
1726.927,-0.11024,0.97252,0.965,44.643
1732.733,-0.10513,0.97533,0.867,44.893
1738.539,-0.10045,0.97546,0.888,45.108
1744.344,-0.09854,0.97476,0.930,45.192
1750.150,-0.09442,0.97655,0.870,45.391
1755.956,-0.08972,0.97815,0.820,45.617
1761.762,-0.08566,0.97477,0.998,45.789
1767.568,-0.08474,0.97693,0.902,45.843
1773.373,-0.08154,0.97501,1.007,45.983
1779.179,-0.07672,0.97464,1.047,46.208
1784.985,-0.07366,0.97591,1.002,46.358
1790.791,-0.06452,0.97911,0.889,46.806
1796.597,-0.05967,0.97270,1.215,47.012
1802.402,-0.05685,0.97419,1.155,47.154
1808.208,-0.05711,0.97247,1.237,47.135
1814.014,-0.05564,0.97229,1.252,47.205
1819.820,-0.04682,0.97462,1.171,47.642
1825.626,-0.04124,0.97115,1.360,47.903
1831.431,-0.03551,0.97013,1.430,48.183
1837.237,-0.03427,0.96751,1.564,48.236
1843.043,-0.03296,0.97080,1.405,48.312
1848.849,-0.02736,0.96983,1.470,48.588
1854.655,-0.01986,0.96745,1.610,48.958
1860.460,-0.01792,0.96625,1.676,49.053
1866.266,-0.00760,0.96306,1.865,49.572
1872.072,-0.00322,0.96122,1.969,49.794
1877.878,0.00206,0.96117,1.983,50.068
1883.684,0.00782,0.96342,1.876,50.372
1889.489,0.01113,0.96268,1.920,50.544
1895.295,0.01616,0.95890,2.126,50.805
1901.101,0.02151,0.96053,2.045,51.090
1906.907,0.02732,0.96227,1.958,51.401
1912.713,0.03173,0.96084,2.036,51.637
1918.519,0.03834,0.96153,2.000,51.993
1924.324,0.04613,0.96030,2.066,52.417
1930.130,0.04842,0.96358,1.886,52.540
1935.936,0.05412,0.96421,1.846,52.851
1941.742,0.06065,0.96156,1.985,53.214
1947.548,0.06295,0.96292,1.906,53.339
1953.353,0.06823,0.96334,1.874,53.631
1959.159,0.07743,0.96874,1.552,54.132
1964.965,0.08276,0.96416,1.794,54.444
1970.771,0.08005,0.96258,1.891,54.295
1976.577,0.09093,0.96458,1.745,54.905
1982.382,0.09287,0.96688,1.608,55.007
1988.188,0.10093,0.96278,1.812,55.483
1993.994,0.10335,0.96830,1.485,55.599
1999.800,0.10659,0.96541,1.636,55.798
2005.606,0.11324,0.96664,1.534,56.176
2011.411,0.12331,0.96690,1.465,56.760
2017.217,0.12274,0.96620,1.509,56.731
2023.023,0.12819,0.96888,1.319,57.034
2028.829,0.13085,0.96523,1.518,57.213
2034.635,0.13216,0.96399,1.583,57.298
2040.440,0.13948,0.96296,1.597,57.739
2046.246,0.14508,0.96477,1.450,58.060
2052.052,0.14508,0.96451,1.465,58.062
2057.858,0.14985,0.96195,1.583,58.367
2063.664,0.15526,0.96058,1.625,58.704
2069.469,0.15917,0.95620,1.861,58.977
2075.275,0.16359,0.95802,1.714,59.233
2081.081,0.16798,0.95635,1.779,59.516
2086.887,0.16940,0.95548,1.820,59.612
2092.693,0.17612,0.95070,2.059,60.072
2098.498,0.17943,0.95073,2.026,60.279
2104.304,0.18626,0.94671,2.215,60.748
2110.110,0.18972,0.94391,2.360,60.995
2115.916,0.19262,0.94339,2.365,61.186
2121.722,0.19955,0.93721,2.693,61.696
2127.528,0.20236,0.93315,2.929,61.921
2133.333,0.20835,0.92997,3.076,62.349
2139.139,0.21781,0.93104,2.899,62.965
2144.945,0.22354,0.92291,3.378,63.445
2150.751,0.22469,0.92488,3.231,63.500
2156.557,0.23556,0.91867,3.520,64.318
2162.362,0.24192,0.91819,3.470,64.764
2168.168,0.24675,0.91480,3.641,65.145
2173.974,0.25495,0.91212,3.714,65.759
2179.780,0.25910,0.91353,3.554,66.032
2185.586,0.26616,0.90974,3.716,66.592
2191.391,0.27883,0.90643,3.751,67.559
2197.197,0.28145,0.90813,3.583,67.719
2203.003,0.28707,0.90742,3.536,68.141
2208.809,0.29490,0.90507,3.566,68.758
2214.615,0.30445,0.90405,3.459,69.484
2220.420,0.30963,0.90171,3.530,69.917
2226.226,0.31421,0.90173,3.434,70.259
2232.032,0.32027,0.90350,3.173,70.677
2237.838,0.32940,0.90057,3.192,71.432
2243.644,0.33338,0.90028,3.122,71.742
2249.449,0.33954,0.90028,2.976,72.212
2255.255,0.34357,0.90230,2.724,72.471
2261.061,0.35089,0.89800,2.870,73.142
2266.867,0.35674,0.89565,2.901,73.657
2272.673,0.35884,0.89474,2.917,73.845
2278.478,0.36309,0.89347,2.902,74.212
2284.284,0.37090,0.89140,2.850,74.885
2290.090,0.37595,0.89030,2.793,75.317
2295.896,0.37782,0.88772,2.944,75.540
2301.702,0.38847,0.88481,2.861,76.484
2307.508,0.39485,0.88132,2.948,77.111
2313.313,0.39504,0.87667,3.323,77.272
2319.119,0.39992,0.87868,3.003,77.610
2324.925,0.40611,0.87333,3.244,78.297
2330.731,0.41022,0.86910,3.462,78.782
2336.537,0.40835,0.86334,4.012,78.814
2342.342,0.42102,0.85997,3.871,80.015
2348.148,0.42050,0.86053,3.841,79.950
2353.954,0.43132,0.84958,4.409,81.286
2359.760,0.43853,0.84798,4.284,81.984
2365.566,0.44110,0.84420,4.525,82.358
2371.371,0.43830,0.84525,4.536,82.067
2377.177,0.45341,0.83838,4.569,83.701
2382.983,0.45156,0.83278,5.158,83.754
2388.789,0.46241,0.82069,5.851,85.264
2394.595,0.46126,0.82054,5.914,85.160
2400.400,0.46724,0.81754,5.950,85.857
2406.206,0.47773,0.81342,5.892,87.051
2412.012,0.48450,0.80204,6.710,88.233
2417.818,0.48536,0.79731,7.146,88.535
2423.624,0.49714,0.79069,7.270,90.049
2429.429,0.49555,0.78309,8.136,90.249
2435.235,0.51030,0.77646,8.112,92.140
2441.041,0.51892,0.76843,8.531,93.492
2446.847,0.52639,0.76457,8.552,94.523
2452.653,0.53501,0.75896,8.693,95.799
2458.458,0.54997,0.75285,8.498,97.861
2464.264,0.55126,0.74789,8.990,98.315
2470.070,0.55957,0.74466,8.842,99.488
2475.876,0.56653,0.73979,8.960,100.626
2481.682,0.57346,0.73662,8.869,101.666
2487.487,0.58204,0.73147,8.889,103.062
2493.293,0.59315,0.72495,8.872,104.901
2499.099,0.60089,0.72648,8.089,105.736
2504.905,0.60650,0.71531,9.039,107.321
2510.711,0.61588,0.70820,9.177,109.106
2516.517,0.62311,0.70089,9.513,110.674
2522.322,0.62821,0.69913,9.296,111.501
2528.128,0.63579,0.69317,9.401,113.054
2533.934,0.64165,0.68815,9.530,114.318
2539.740,0.64877,0.68173,9.721,115.917
2545.546,0.65885,0.67381,9.809,118.130
2551.351,0.66681,0.66525,10.189,120.173
2557.157,0.67010,0.66265,10.208,120.935
2562.963,0.68040,0.65231,10.570,123.624
2568.769,0.68427,0.64756,10.832,124.766
2574.575,0.68932,0.64212,11.058,126.193
2580.380,0.69539,0.63471,11.459,128.057
2586.186,0.70367,0.62440,12.035,130.714
2591.992,0.71028,0.61890,12.043,132.533
2597.798,0.71558,0.60755,13.203,135.007
2603.604,0.71812,0.60536,13.213,135.757
2609.409,0.71633,0.61583,11.705,133.958
2615.215,0.72842,0.58235,15.775,141.043
2621.021,0.74046,0.57412,15.380,144.625
2626.827,0.74140,0.56768,16.456,145.883
2632.633,0.74831,0.55543,17.684,149.369
2638.438,0.75163,0.54224,19.823,152.438
2644.244,0.75867,0.53128,20.876,156.032
2650.050,0.76217,0.51605,23.663,159.832
2655.856,0.76612,0.51497,23.111,160.982
2661.662,0.77407,0.49455,26.423,167.291
2667.467,0.77602,0.48549,28.351,169.828
2673.273,0.77886,0.47715,29.958,172.520
2679.079,0.78450,0.46052,33.359,178.139
2684.885,0.79212,0.45003,34.592,183.133
2690.691,0.79522,0.43677,38.000,187.692
2696.496,0.79766,0.42502,41.316,191.808
2702.302,0.80519,0.40862,45.064,199.402
2708.108,0.81576,0.39134,48.477,209.171
2713.914,0.82002,0.38022,51.705,214.862
2719.720,0.82552,0.36537,56.431,222.871
2725.526,0.82919,0.35506,60.026,228.711
2731.331,0.83684,0.33827,65.680,239.824
2737.137,0.84324,0.32376,71.150,250.212
2742.943,0.84617,0.31020,78.314,258.746
2748.749,0.84996,0.29612,86.151,268.710
2754.555,0.85669,0.27982,94.997,283.109
2760.360,0.86222,0.26131,107.886,299.434
2766.166,0.86430,0.24931,118.423,309.426
2771.972,0.86650,0.23164,136.767,324.058
2777.778,0.87283,0.21532,153.358,344.326
2783.584,0.87505,0.20187,171.678,358.156
2789.389,0.87767,0.17923,209.780,380.633
2795.195,0.88018,0.16504,238.069,396.770
2801.001,0.88291,0.14950,274.709,414.584
2806.807,0.88401,0.13125,328.053,427.812
2812.613,0.88624,0.11177,397.267,439.448
2818.418,0.88439,0.08893,493.445,418.033
2824.224,0.88457,0.06871,589.657,380.761
2830.030,0.88617,0.05315,671.242,336.799
2835.836,0.88487,0.03321,751.843,231.318
2841.642,0.88340,0.02070,781.450,147.593
2847.447,0.87991,-0.01264,773.615,-86.682
2853.253,0.88036,-0.02199,758.504,-148.572
2859.059,0.87521,-0.04750,649.932,-266.455
2864.865,0.87045,-0.07109,543.273,-325.555
2870.671,0.86391,-0.09871,431.496,-349.236
2876.476,0.86077,-0.12009,361.830,-355.221
2882.282,0.85765,-0.14109,304.370,-351.227
2888.088,0.84544,-0.17212,238.829,-321.628
2893.894,0.83739,-0.18623,216.029,-304.673
2899.700,0.83646,-0.20148,192.859,-299.200
2905.506,0.82458,-0.22948,160.248,-275.042
2911.311,0.81856,-0.24992,140.232,-262.021
2917.117,0.80697,-0.28146,115.721,-241.634
2922.923,0.79362,-0.30552,101.823,-224.753
2928.729,0.78156,-0.33379,87.270,-209.759
2934.535,0.77433,-0.34839,80.973,-202.194
2940.340,0.75867,-0.36739,74.900,-190.145
2946.146,0.74737,-0.38824,67.750,-180.953
2951.952,0.72784,-0.41757,59.549,-168.081
2957.758,0.71427,-0.43502,55.480,-160.594
2963.564,0.69436,-0.46967,47.336,-149.576
2969.369,0.67485,-0.48896,44.301,-141.807
2975.175,0.65612,-0.51360,40.012,-134.436
2980.981,0.63651,-0.52896,38.243,-128.412
2986.787,0.61728,-0.54487,36.323,-122.896
2992.593,0.59147,-0.56613,33.818,-116.153
2998.398,0.56698,-0.58760,31.275,-110.290
3004.204,0.54024,-0.60514,29.602,-104.774
3010.010,0.51337,-0.62029,28.291,-99.794
3015.816,0.48427,-0.63976,26.374,-94.741
3021.622,0.45737,-0.65137,25.498,-90.628
3027.427,0.42778,-0.66461,24.398,-86.410
3033.233,0.39756,-0.67806,23.227,-82.419
3039.039,0.36269,-0.68900,22.348,-78.217
3044.845,0.33362,-0.70157,21.174,-74.933
3050.651,0.29972,-0.70512,20.908,-71.399
3056.456,0.26315,-0.71320,20.069,-67.820
3062.262,0.22478,-0.71906,19.339,-64.316
3068.068,0.19128,-0.72082,18.909,-61.419
3073.874,0.15559,-0.71800,18.732,-58.442
3079.680,0.12050,-0.71752,18.265,-55.692
3085.485,0.08188,-0.71434,17.847,-52.788
3091.291,0.04433,-0.71193,17.293,-50.131
3097.097,0.00358,-0.70821,16.676,-47.391
3102.903,-0.03975,-0.69381,16.546,-44.405
3108.709,-0.07932,-0.68229,16.197,-41.847
3114.515,-0.11847,-0.66604,16.002,-39.304
3120.320,-0.15628,-0.64936,15.748,-36.924
3126.126,-0.19213,-0.63331,15.420,-34.754
3131.932,-0.22587,-0.60978,15.394,-32.528
3137.738,-0.24264,-0.59482,15.472,-31.340
3143.544,-0.29387,-0.55972,15.104,-28.164
3149.349,-0.31736,-0.53007,15.332,-26.288
3155.155,-0.34275,-0.49882,15.443,-24.311
3160.961,-0.35870,-0.46575,15.861,-22.576
3166.767,-0.37970,-0.43252,15.994,-20.689
3172.573,-0.39238,-0.39907,16.368,-19.022
3178.378,-0.40089,-0.36420,16.864,-17.383
3184.184,-0.40389,-0.33091,17.481,-15.906
3189.990,-0.40482,-0.29817,18.115,-14.457
3195.796,-0.40109,-0.26789,18.856,-13.165
3201.602,-0.39372,-0.24082,19.670,-12.038
3207.407,-0.38827,-0.21734,20.309,-11.007
3213.213,-0.37462,-0.19185,21.357,-9.959
3219.019,-0.36488,-0.17024,22.144,-8.998
3224.825,-0.35411,-0.15762,22.862,-8.481
3230.631,-0.34331,-0.14831,23.547,-8.120
3236.436,-0.33691,-0.13368,24.059,-7.405
3242.242,-0.33166,-0.12473,24.441,-6.972
3248.048,-0.33308,-0.11092,24.499,-6.199
3253.854,-0.32625,-0.10054,24.970,-5.683
3259.660,-0.32511,-0.09104,25.111,-5.161
3265.465,-0.32376,-0.07895,25.275,-4.489
3271.271,-0.31971,-0.06687,25.580,-3.830
3277.077,-0.31586,-0.05567,25.860,-3.209
3282.883,-0.30861,-0.04276,26.335,-2.495
3288.689,-0.30094,-0.03072,26.825,-1.814
3294.494,-0.29152,-0.02034,27.409,-1.219
3300.300,-0.27998,-0.01073,28.121,-0.655
3306.106,-0.26890,-0.00443,28.807,-0.275
3311.912,-0.25728,0.00062,29.537,0.039
3317.718,-0.24649,0.00287,30.225,0.185
3323.524,-0.23499,0.00049,30.973,0.032
3329.329,-0.22551,-0.00217,31.598,-0.145
3335.135,-0.21815,-0.00467,32.090,-0.315
3340.941,-0.21236,-0.01079,32.477,-0.734
3346.747,-0.20924,-0.01990,32.674,-1.361
3352.553,-0.21011,-0.02505,32.602,-1.710
3358.358,-0.21422,-0.02705,32.316,-1.834
3364.164,-0.21948,-0.03064,31.950,-2.059
3369.970,-0.22420,-0.03203,31.630,-2.136
3375.776,-0.22989,-0.03217,31.252,-2.125
3381.582,-0.24015,-0.02674,30.598,-1.738
3387.387,-0.24162,-0.02164,30.515,-1.403
3393.193,-0.24536,-0.01662,30.284,-1.071
3398.999,-0.24497,-0.00531,30.322,-0.342
3404.805,-0.24718,0.00247,30.181,0.159
3410.611,-0.24264,0.01115,30.467,0.722
3416.416,-0.23643,0.01887,30.859,1.234
3422.222,-0.22867,0.02706,31.349,1.792
3428.028,-0.21697,0.03081,32.119,2.079
3433.834,-0.20656,0.03248,32.820,2.230
3439.640,-0.19327,0.03491,33.732,2.449
3445.445,-0.18554,0.02774,34.304,1.973
3451.251,-0.17412,0.02367,35.136,1.716
3457.057,-0.16812,0.01193,35.599,0.875
3462.863,-0.16376,-0.00277,35.928,-0.204
3468.669,-0.15928,-0.00970,36.254,-0.722
3474.474,-0.16406,-0.02481,35.867,-1.830
3480.280,-0.16817,-0.03465,35.529,-2.537
3486.086,-0.17510,-0.04347,34.983,-3.144
3491.892,-0.18490,-0.05209,34.233,-3.703
3497.698,-0.19636,-0.05557,33.407,-3.874
3503.504,-0.20846,-0.05235,32.595,-3.578
3509.309,-0.21912,-0.04998,31.889,-3.357
3515.115,-0.23124,-0.04369,31.117,-2.878
3520.921,-0.23586,-0.03564,30.848,-2.331
3526.727,-0.24310,-0.02660,30.407,-1.721
3532.533,-0.24328,-0.01324,30.423,-0.857
3538.338,-0.24401,-0.00616,30.383,-0.398
3544.144,-0.24227,0.00225,30.498,0.146
3549.950,-0.23463,0.00845,30.992,0.554
3555.756,-0.22586,0.01436,31.564,0.955
3561.562,-0.21496,0.01410,32.296,0.955
3567.367,-0.20596,0.01314,32.911,0.903
3573.173,-0.19611,0.00972,33.599,0.680
3578.979,-0.18672,0.00320,34.266,0.227
3584.785,-0.17660,-0.00648,34.988,-0.468
3590.591,-0.16894,-0.01795,35.527,-1.313
3596.396,-0.16376,-0.03169,35.864,-2.338
3602.202,-0.16050,-0.04557,36.037,-3.379
3608.008,-0.15932,-0.06127,36.018,-4.546
3613.814,-0.16127,-0.07690,35.737,-5.677
3619.620,-0.16174,-0.09255,35.535,-6.814
3625.425,-0.16201,-0.11098,35.280,-8.145
3631.231,-0.16784,-0.12751,34.620,-9.239
3637.037,-0.17273,-0.14775,33.939,-10.575
3642.843,-0.18052,-0.16691,33.049,-11.742
3648.649,-0.19336,-0.18764,31.775,-12.858
3654.454,-0.19986,-0.20518,30.975,-13.847
3660.260,-0.22250,-0.23211,28.953,-14.990
3666.066,-0.24300,-0.25267,27.258,-15.705
3671.872,-0.27325,-0.27110,25.133,-15.997
3677.678,-0.29969,-0.28730,23.357,-16.216
3683.483,-0.33420,-0.29961,21.353,-16.023
3689.289,-0.36758,-0.30976,19.553,-15.754
3695.095,-0.40896,-0.31307,17.635,-15.029
3700.901,-0.44605,-0.31091,16.098,-14.211
3706.707,-0.47685,-0.30687,14.909,-13.487
3712.513,-0.51624,-0.29799,13.500,-12.480
3718.318,-0.55220,-0.28404,12.337,-11.407
3724.124,-0.58432,-0.27338,11.294,-10.577
3729.930,-0.61382,-0.24957,10.517,-9.359
3735.736,-0.63713,-0.22680,9.932,-8.303
3741.542,-0.66070,-0.20413,9.319,-7.291
3747.347,-0.68319,-0.17939,8.744,-6.261
3753.153,-0.70484,-0.15627,8.168,-5.332
3758.959,-0.72121,-0.13119,7.763,-4.403
3764.765,-0.73626,-0.10634,7.380,-3.514
3770.571,-0.75008,-0.07618,7.032,-2.483
3776.376,-0.76077,-0.04768,6.752,-1.537
3782.182,-0.77149,-0.02387,6.440,-0.760
3787.988,-0.77905,0.00040,6.210,0.013
3793.794,-0.78689,0.02634,5.951,0.825
3799.600,-0.79057,0.05529,5.795,1.723
3805.405,-0.79283,0.07869,5.671,2.443
3811.211,-0.79884,0.10003,5.420,3.082
3817.017,-0.79683,0.12620,5.380,3.890
3822.823,-0.79879,0.14701,5.224,4.513
3828.629,-0.79762,0.16683,5.154,5.119
3834.434,-0.79629,0.19158,5.044,5.871
3840.240,-0.79354,0.21393,4.973,6.557
3846.046,-0.79033,0.23714,4.893,7.271
3851.852,-0.78677,0.25307,4.866,7.771
3857.658,-0.78238,0.27317,4.817,8.401
3863.463,-0.78183,0.28536,4.719,8.763
3869.269,-0.77369,0.30744,4.735,9.487
3875.075,-0.77270,0.32581,4.568,10.029
3880.881,-0.76710,0.34399,4.524,10.614
3886.687,-0.76290,0.35817,4.476,11.068
3892.492,-0.75466,0.37567,4.493,11.667
3898.298,-0.74729,0.39529,4.445,12.317
3904.104,-0.74413,0.40811,4.359,12.720
3909.910,-0.73636,0.42223,4.377,13.223
3915.716,-0.72874,0.43828,4.352,13.780
3921.522,-0.72244,0.44886,4.365,14.167
3927.327,-0.71394,0.46249,4.385,14.675
3933.133,-0.70820,0.47829,4.285,15.200
3938.939,-0.69969,0.48823,4.350,15.612
3944.745,-0.69168,0.50522,4.272,16.208
3950.551,-0.68109,0.51661,4.352,16.703
3956.356,-0.67506,0.53116,4.245,17.201
3962.162,-0.66548,0.53647,4.399,17.522
3967.968,-0.65674,0.54830,4.401,18.004
3973.774,-0.64844,0.56251,4.336,18.542
3979.580,-0.64035,0.56647,4.467,18.809
3985.385,-0.63010,0.57970,4.459,19.367
3991.191,-0.61830,0.59048,4.533,19.898
3996.997,-0.60877,0.59605,4.657,20.250
4002.803,-0.60369,0.60816,4.516,20.674
4008.609,-0.59943,0.61655,4.434,20.983
4014.414,-0.58229,0.62188,4.743,21.515
4020.220,-0.57258,0.63865,4.587,22.168
4026.026,-0.56189,0.64442,4.711,22.574
4031.832,-0.54957,0.64809,4.926,22.972
4037.638,-0.54606,0.66220,4.654,23.409
4043.443,-0.53504,0.66745,4.787,23.822
4049.249,-0.51930,0.67376,5.003,24.392
4055.055,-0.51797,0.68821,4.645,24.775
4060.861,-0.50284,0.68834,5.002,25.192
4066.667,-0.49435,0.70093,4.851,25.728
4072.472,-0.48690,0.70878,4.802,26.123
4078.278,-0.47338,0.71767,4.856,26.720
4084.084,-0.46180,0.72152,5.008,27.151
4089.890,-0.45130,0.72005,5.293,27.433
4095.696,-0.44480,0.73451,4.999,27.960
4101.502,-0.42803,0.73904,5.233,28.585
4107.307,-0.41816,0.75193,5.040,29.183
4113.113,-0.41242,0.74961,5.241,29.318
4118.919,-0.40358,0.76459,4.943,29.930
4124.725,-0.39138,0.76765,5.099,30.399
4130.531,-0.38168,0.76877,5.266,30.750
4136.336,-0.37204,0.77499,5.255,31.211
4142.142,-0.35944,0.77679,5.454,31.687
4147.948,-0.35115,0.78101,5.475,32.067
4153.754,-0.34045,0.78866,5.418,32.605
4159.560,-0.32997,0.79221,5.498,33.058
4165.365,-0.32247,0.79287,5.623,33.348
4171.171,-0.30763,0.80296,5.534,34.101
4176.977,-0.30812,0.80151,5.579,34.055
4182.783,-0.29365,0.80601,5.684,34.694
4188.589,-0.28305,0.81176,5.659,35.215
4194.394,-0.27703,0.81287,5.728,35.472
4200.200,-0.25769,0.81943,5.817,36.367
4206.006,-0.25208,0.82100,5.853,36.623
4211.812,-0.24095,0.82932,5.705,37.227
4217.618,-0.23528,0.82765,5.872,37.435
4223.423,-0.22095,0.83182,5.939,38.111
4229.229,-0.21393,0.83445,5.943,38.455
4235.035,-0.20274,0.83421,6.137,38.936
4240.841,-0.19546,0.83488,6.227,39.267
4246.647,-0.17627,0.84059,6.275,40.216
4252.452,-0.17226,0.83898,6.411,40.373
4258.258,-0.15899,0.84428,6.369,41.063
4264.064,-0.15151,0.84311,6.535,41.393
4269.870,-0.13955,0.83702,7.001,41.868
4275.676,-0.13246,0.84381,6.780,42.307
4281.481,-0.12028,0.84807,6.745,42.957
4287.287,-0.11312,0.84700,6.895,43.293
4293.093,-0.09466,0.83913,7.540,44.108
4298.899,-0.08702,0.84474,7.357,44.573
4304.705,-0.08387,0.84315,7.479,44.713
4310.511,-0.06915,0.84565,7.537,45.509
4316.316,-0.06336,0.85514,7.109,45.926
4322.122,-0.04514,0.85177,7.494,46.857
4327.928,-0.03371,0.84232,8.137,47.373
4333.734,-0.03338,0.84077,8.226,47.373
4339.540,-0.01812,0.85698,7.489,48.390
4345.345,-0.00377,0.84813,8.126,49.113
4351.151,0.00265,0.84535,8.348,49.455
4356.957,0.01534,0.83741,8.933,50.120
4362.763,0.02473,0.84893,8.335,50.778
4368.569,0.02503,0.84335,8.669,50.749
4374.374,0.04046,0.84558,8.662,51.694
4380.180,0.06031,0.84730,8.696,52.925
4385.986,0.06807,0.84771,8.719,53.412
4391.792,0.06712,0.84400,8.946,53.330
4397.598,0.08696,0.84231,9.168,54.584
4403.403,0.08813,0.84311,9.123,54.664
4409.209,0.10366,0.84464,9.092,55.684
4415.015,0.11273,0.83038,10.082,56.229
4420.821,0.11853,0.83762,9.615,56.650
4426.627,0.13262,0.83815,9.620,57.611
4432.432,0.14618,0.83362,9.962,58.543
4438.238,0.15243,0.82591,10.519,58.973
4444.044,0.16110,0.82453,10.632,59.593
4449.850,0.17852,0.82982,10.251,60.863
4455.656,0.17945,0.82207,10.822,60.935
4461.461,0.19722,0.81805,11.110,62.272
4467.267,0.21693,0.81222,11.519,63.809
4473.073,0.21956,0.81245,11.493,64.015
4478.879,0.22536,0.80615,11.974,64.495
4484.685,0.23808,0.80581,11.952,65.521
4490.490,0.25009,0.80260,12.154,66.521
4496.296,0.25558,0.81003,11.507,66.928
4502.102,0.26440,0.79583,12.633,67.762
4507.908,0.27731,0.79573,12.545,68.866
4513.714,0.29329,0.79337,12.603,70.280
4519.520,0.29927,0.78534,13.255,70.893
4525.325,0.30265,0.77350,14.296,71.317
4531.131,0.31514,0.77938,13.621,72.401
4536.937,0.32699,0.78647,12.812,73.401
4542.743,0.34321,0.76854,14.264,75.197
4548.549,0.34501,0.76933,14.159,75.359
4554.354,0.34851,0.77359,13.691,75.629
4560.160,0.37142,0.76010,14.611,78.130
4565.966,0.36874,0.75487,15.191,77.957
4571.772,0.38486,0.74962,15.418,79.719
4577.578,0.38345,0.74351,16.087,79.696
4583.383,0.39547,0.74904,15.248,80.845
4589.189,0.41014,0.74776,15.029,82.436
4594.995,0.40892,0.73069,16.918,82.724
4600.801,0.41043,0.74068,15.786,82.646
4606.607,0.43941,0.72182,17.114,86.416
4612.412,0.45565,0.73460,15.117,87.876
4618.218,0.44187,0.71930,17.334,86.778
4624.024,0.45032,0.70669,18.577,88.164
4629.830,0.47217,0.71155,17.248,90.654
4635.636,0.47006,0.70518,18.105,90.627
4641.441,0.46691,0.72519,15.807,89.520
4647.247,0.48091,0.69242,19.313,92.458
4653.053,0.49677,0.69370,18.518,94.450
4658.859,0.50094,0.68150,19.945,95.515
4664.665,0.51103,0.68205,19.428,96.843
4670.470,0.51991,0.66869,20.848,98.680
4676.276,0.51971,0.66677,21.127,98.742
4682.082,0.52479,0.65457,22.630,100.044
4687.888,0.54841,0.64863,22.295,103.838
4693.694,0.55666,0.63940,23.233,105.620
4699.499,0.55988,0.63309,24.032,106.490
4705.305,0.57107,0.62538,24.587,108.747
4711.111,0.57676,0.61806,25.426,110.146
4716.917,0.58555,0.60792,26.560,112.300
4722.723,0.59676,0.59538,27.985,115.143
4728.529,0.60515,0.58778,28.751,117.229
4734.334,0.60921,0.58351,29.236,118.311
4740.140,0.62158,0.56774,31.288,121.956
4745.946,0.63162,0.55500,33.018,125.077
4751.752,0.63930,0.55024,33.329,127.115
4757.558,0.64502,0.54132,34.712,129.182
4763.363,0.64576,0.53409,36.244,130.032
4769.169,0.65455,0.52063,38.487,133.361
4774.975,0.65836,0.50992,40.684,135.352
4780.781,0.65793,0.49789,43.742,136.443
4786.587,0.67480,0.49373,43.041,141.258
4792.392,0.68478,0.49098,42.597,144.225
4798.198,0.68993,0.48158,44.517,146.796
4804.004,0.68823,0.46494,49.488,148.369
4809.810,0.70964,0.45658,49.175,155.948
4815.616,0.70057,0.47074,46.200,151.239
4821.421,0.72456,0.45637,46.939,160.615
4827.227,0.73269,0.43333,53.118,167.160
4833.033,0.73349,0.42079,57.423,169.611
4838.839,0.73224,0.42728,55.308,168.045
4844.645,0.73818,0.41705,57.975,171.994
4850.450,0.74471,0.41229,58.564,175.327
4856.256,0.75091,0.40260,61.136,179.625
4862.062,0.76459,0.38460,65.776,189.146
4867.868,0.75679,0.39575,62.718,183.416
4873.674,0.77103,0.38040,66.153,192.967
4879.479,0.77724,0.36577,71.457,199.427
4885.285,0.77176,0.35431,78.494,199.465
4891.091,0.77606,0.35384,77.708,201.788
4896.897,0.78341,0.34042,83.042,209.103
4902.703,0.76322,0.34451,85.496,197.140
4908.509,0.79623,0.31894,92.256,222.654
4914.314,0.79880,0.31770,92.277,224.656
4920.120,0.78988,0.32300,91.515,217.535
4925.926,0.78983,0.31111,99.099,220.710
4931.732,0.79398,0.28883,113.681,229.476
4937.538,0.82819,0.27299,115.138,262.383
4943.343,0.79819,0.28713,113.845,233.113
4949.149,0.81919,0.26096,129.390,258.911
4954.955,0.82089,0.25875,130.856,261.283
4960.761,0.82792,0.25286,133.949,270.297
4966.567,0.81884,0.24785,142.220,262.974
4972.372,0.82526,0.23071,158.618,275.443
4978.178,0.83237,0.21300,178.162,289.915
4983.984,0.83265,0.20221,192.901,293.503
4989.790,0.83802,0.19358,204.239,303.834
4995.596,0.83954,0.18069,224.785,309.427
5001.401,0.84384,0.17138,240.492,318.799
5007.207,0.84621,0.16658,249.200,324.085
5013.013,0.85256,0.15537,271.373,338.648
5018.819,0.86504,0.14471,294.676,369.588
5024.625,0.85739,0.10804,395.507,337.513
5030.430,0.85994,0.11340,381.276,349.183
5036.236,0.86685,0.10190,423.623,362.486
5042.042,0.87707,0.09287,467.913,391.253
5047.848,0.87612,0.07815,527.432,364.248
5053.654,0.86297,0.05111,590.635,238.930
5059.459,0.88031,0.04817,669.036,289.343
5065.265,0.87168,0.03338,679.921,189.885
5071.071,0.87581,0.02652,720.108,164.428
5076.877,0.88575,0.01885,802.051,140.591
5082.683,0.89053,0.02227,827.202,178.498
5088.488,0.88691,-0.00400,833.142,-31.260
5094.294,0.88466,-0.02722,771.279,-193.785
5100.100,0.88658,-0.03919,737.616,-272.134
5105.906,0.88961,-0.03456,775.025,-258.292
5111.712,0.89823,-0.05740,695.472,-420.432
5117.518,0.89916,-0.06018,681.270,-436.409
5123.323,0.90084,-0.08093,555.268,-494.008
5129.129,0.89985,-0.08486,531.190,-492.461
5134.935,0.90424,-0.09276,488.758,-521.883
5140.741,0.89897,-0.09284,486.636,-493.128
5146.547,0.90991,-0.11254,383.494,-541.541
5152.352,0.90582,-0.11576,372.874,-519.791
5158.158,0.90894,-0.11772,361.093,-531.478
5163.964,0.89540,-0.09971,450.872,-477.445
5169.770,0.90320,-0.14137,279.737,-481.587
5175.576,0.91550,-0.16899,186.714,-473.405
5181.381,0.90127,-0.17278,199.312,-436.291
5187.187,0.88938,-0.17049,217.810,-412.774
5192.993,0.89327,-0.16049,237.317,-432.030
5198.799,0.89749,-0.17033,209.388,-430.992
5204.605,0.89444,-0.20008,156.273,-390.984
5210.410,0.88773,-0.20546,154.804,-374.793
5216.216,0.88578,-0.20361,159.565,-373.569
5222.022,0.88283,-0.21033,152.123,-362.837
5227.828,0.88267,-0.23389,121.366,-341.591
5233.634,0.87498,-0.23509,126.339,-331.594
5239.439,0.87694,-0.24694,111.652,-324.398
5245.245,0.87743,-0.25284,105.243,-320.251
5251.051,0.87202,-0.26734,95.681,-304.311
5256.857,0.86328,-0.28489,86.919,-285.311
5262.663,0.85884,-0.29491,82.053,-275.879
5268.468,0.85548,-0.30404,77.522,-268.284
5274.274,0.85327,-0.31202,73.423,-262.450
5280.080,0.85580,-0.31676,69.047,-261.505
5285.886,0.85544,-0.32284,65.534,-258.012
5291.692,0.84833,-0.34045,59.185,-245.084
5297.497,0.84147,-0.35136,56.694,-236.470
5303.303,0.84193,-0.36284,50.912,-231.640
5309.109,0.85341,-0.36516,44.677,-235.842
5314.915,0.83764,-0.39515,38.963,-216.517
5320.721,0.84094,-0.39622,37.258,-217.357
5326.527,0.82816,-0.41161,36.374,-206.889
5332.332,0.83263,-0.41597,33.252,-206.904
5338.138,0.83047,-0.42476,31.054,-203.079
5343.944,0.82857,-0.42613,31.258,-201.981
5349.750,0.82979,-0.45009,23.510,-194.379
5355.556,0.83024,-0.44891,23.701,-194.892
5361.361,0.81517,-0.47364,21.503,-183.228
5367.167,0.82516,-0.48182,16.552,-183.398
5372.973,0.80991,-0.49259,18.185,-176.696
5378.779,0.80987,-0.49597,17.390,-175.793
5384.585,0.80638,-0.51045,14.961,-171.265
5390.390,0.81115,-0.52320,11.036,-169.099
5396.196,0.80260,-0.53572,10.560,-164.350
5402.002,0.80661,-0.53368,10.021,-165.629
5407.808,0.79925,-0.55515,7.604,-159.301
5413.614,0.79765,-0.55189,8.562,-159.725
5419.419,0.79918,-0.56896,5.164,-156.288
5425.225,0.79905,-0.57441,4.263,-155.109
5431.031,0.79732,-0.57995,3.701,-153.661
5436.837,0.78488,-0.58624,5.166,-150.335
5442.643,0.78505,-0.61614,0.477,-144.692
5448.448,0.78175,-0.59394,4.507,-148.337
5454.254,0.77253,-0.60555,4.362,-144.719
5460.060,0.77508,-0.62423,1.089,-141.790
5465.866,0.76506,-0.63032,1.920,-139.296
5471.672,0.75664,-0.62492,4.111,-138.949
5477.477,0.74792,-0.63626,3.820,-135.845
5483.283,0.74806,-0.64887,1.998,-133.924
5489.089,0.73629,-0.64783,3.904,-132.418
5494.895,0.73150,-0.65516,3.559,-130.686
5500.701,0.72852,-0.65180,4.454,-130.740
5506.507,0.71697,-0.65821,5.135,-128.219
5512.312,0.71527,-0.66797,4.001,-126.688
5518.118,0.69890,-0.67176,5.562,-123.959
5523.924,0.70487,-0.67245,4.725,-124.691
5529.730,0.69034,-0.68319,5.037,-121.427
5535.536,0.68573,-0.68661,5.115,-120.415
5541.341,0.69151,-0.69403,3.478,-120.315
5547.147,0.66026,-0.70071,6.023,-115.549
5552.953,0.66955,-0.70333,4.722,-116.471
5558.759,0.65349,-0.70627,5.990,-114.119
5564.565,0.64616,-0.72594,4.254,-111.308
5570.370,0.64227,-0.72568,4.651,-110.862
5576.176,0.63341,-0.73585,4.240,-108.875
5581.982,0.62612,-0.73832,4.588,-107.800
5587.788,0.62345,-0.77060,1.188,-104.756
5593.594,0.61024,-0.74969,4.591,-105.007
5599.399,0.62327,-0.74435,4.130,-106.949
5605.205,0.59399,-0.80733,-0.282,-98.861
5611.011,0.59152,-0.78849,1.800,-99.990
5616.817,0.58934,-0.78884,1.923,-99.739
5622.623,0.57054,-0.78735,3.392,-97.886
5628.428,0.57009,-0.81532,0.603,-95.968
5634.234,0.55785,-0.81544,1.386,-94.770
5640.040,0.56992,-0.81340,0.802,-96.080
5645.846,0.54148,-0.80986,2.940,-93.505
5651.652,0.56370,-0.83799,-1.119,-93.884
5657.457,0.53754,-0.85402,-0.970,-90.543
5663.263,0.51547,-0.82399,3.028,-90.179
5669.069,0.55620,-0.85599,-2.263,-92.073
5674.875,0.54060,-0.86318,-1.953,-90.279
5680.681,0.54133,-0.88265,-3.644,-89.206
5686.486,0.53321,-0.88868,-3.675,-88.193
5692.292,0.52737,-0.88717,-3.225,-87.799
5698.098,0.52705,-0.88545,-3.067,-87.868
5703.904,0.52960,-0.89025,-3.601,-87.811
5709.710,0.52037,-0.89341,-3.354,-86.889
5715.516,0.52913,-0.89535,-3.989,-87.490
5721.321,0.51201,-0.90773,-4.055,-85.464
5727.127,0.51086,-0.89505,-2.984,-86.031
5732.933,0.51775,-0.89840,-3.616,-86.410
5738.739,0.50481,-0.90905,-3.788,-84.832
5744.545,0.49511,-0.91804,-4.006,-83.632
5750.350,0.48230,-0.90840,-2.644,-83.095
5756.156,0.47939,-0.92043,-3.443,-82.311
5761.962,0.47200,-0.92575,-3.513,-81.507
5767.768,0.46701,-0.92173,-2.985,-81.306
5773.574,0.46191,-0.91694,-2.395,-81.122
5779.379,0.45401,-0.93099,-3.128,-79.924
5785.185,0.46355,-0.91491,-2.309,-81.337
5790.991,0.43657,-0.93211,-2.505,-78.574
5796.797,0.44153,-0.94978,-3.996,-78.238
5802.603,0.43403,-0.94569,-3.404,-77.857
5808.408,0.42141,-0.93851,-2.401,-77.208
5814.214,0.39864,-0.95106,-2.504,-75.114
5820.020,0.39396,-0.94852,-2.166,-74.865
5825.826,0.40479,-0.95671,-3.117,-75.357
5831.632,0.39001,-0.94750,-1.963,-74.615
5837.437,0.36123,-0.95799,-1.819,-72.259
5843.243,0.35578,-0.95513,-1.464,-71.961
5849.049,0.34633,-0.95329,-1.074,-71.351
5854.855,0.34632,-0.98236,-3.051,-70.555
5860.661,0.31915,-0.96756,-1.358,-69.125
5866.466,0.32535,-0.97441,-1.969,-69.371
5872.272,0.30571,-0.98848,-2.417,-67.745
5878.078,0.30791,-0.98514,-2.253,-67.965
5883.884,0.29146,-0.98452,-1.843,-66.914
5889.690,0.29657,-1.00418,-3.204,-66.804
5895.495,0.26812,-0.97906,-1.019,-65.524
5901.301,0.27940,-0.99056,-1.975,-66.017
5907.107,0.26222,-0.98555,-1.322,-65.026
5912.913,0.26521,-1.01313,-3.089,-64.681
5918.719,0.27232,-1.01001,-3.042,-65.177
5924.525,0.25949,-1.03657,-4.369,-63.874
5930.330,0.25427,-0.99584,-1.820,-64.338
5936.136,0.26305,-1.02092,-3.516,-64.396
5941.942,0.23605,-1.03635,-3.914,-62.520
5947.748,0.23958,-1.04065,-4.224,-62.645
5953.554,0.25554,-1.03683,-4.306,-63.639
5959.359,0.22900,-1.03502,-3.713,-62.137
5965.165,0.23580,-1.04606,-4.464,-62.331
5970.971,0.23254,-1.03280,-3.647,-62.379
5976.777,0.20642,-1.03184,-3.166,-60.895
5982.583,0.22407,-1.03985,-3.906,-61.772
5988.388,0.22138,-1.03727,-3.714,-61.663
5994.194,0.21100,-1.02895,-3.071,-61.201
6000.000,0.19609,-1.03573,-3.234,-60.251
